{"stats":{"minecraft:killed":{"enemyexpansion:slugger":1},"minecraft:killed_by":{"minecraft:skeleton":3,"minecraft:pillager":1},"minecraft:mined":{"minecraft:coarse_dirt":5,"iceandfire:silver_ore":8,"minecraft:red_bed":2,"minecraft:iron_ore":9,"minecraft:orange_terracotta":2,"minecraft:andesite":1,"minecraft:torch":1,"minecraft:crafting_table":1,"supplementaries:stick":2,"minecraft:coal_ore":73,"minecraft:grass_block":1,"minecraft:oak_log":32,"luminousworld:ishstone":2,"minecraft:dead_bush":9,"luminousworld:groundpebbles_2":1,"minecraft:stone":72,"minecraft:oak_planks":3,"minecraft:diorite":2,"quark:jasper":11,"minecraft:oak_leaves":14,"minecraft:wall_torch":2},"minecraft:used":{"minecraft:oak_log":1,"minecraft:diorite":2,"minecraft:stone_pickaxe":181,"minecraft:oak_planks":5,"minecraft:wooden_pickaxe":29,"luminousworld:ishstone":2,"minecraft:stick":2,"minecraft:torch":14,"minecraft:dirt":1,"minecraft:cobblestone":47,"minecraft:crafting_table":3,"minecraft:red_bed":1,"tombstone:gift":2,"minecraft:orange_terracotta":2,"minecraft:coarse_dirt":3},"minecraft:crafted":{"minecraft:oak_planks":28,"minecraft:crafting_table":3,"minecraft:stick":12,"minecraft:stone_pickaxe":2,"minecraft:wooden_pickaxe":1,"minecraft:torch":12},"minecraft:custom":{"minecraft:time_since_rest":21159,"minecraft:sprint_one_cm":32626,"minecraft:damage_taken":1254,"minecraft:walk_one_cm":144533,"minecraft:mob_kills":2,"minecraft:drop":3,"minecraft:damage_dealt":427,"minecraft:interact_with_crafting_table":3,"minecraft:fly_one_cm":24226,"tombstone:undead_killed":1,"minecraft:open_barrel":2,"minecraft:open_chest":2,"minecraft:crouch_one_cm":5247,"minecraft:play_time":40997,"minecraft:deaths":4,"minecraft:sneak_time":1690,"minecraft:jump":458,"minecraft:time_since_death":21884,"minecraft:sleep_in_bed":1,"minecraft:climb_one_cm":941,"minecraft:total_world_time":40997,"minecraft:fall_one_cm":8634},"minecraft:broken":{"minecraft:stone_pickaxe":1},"minecraft:picked_up":{"minecraft:raw_iron":9,"luminousworld:groundpebbles_1":1,"minecraft:crafting_table":1,"minecraft:stick":5,"minecraft:coarse_dirt":5,"minecraft:andesite":1,"luminousworld:ishstone":2,"minecraft:torch":3,"minecraft:oak_log":32,"minecraft:diorite":2,"minecraft:dirt":1,"minecraft:red_bed":2,"quark:jasper":11,"minecraft:orange_terracotta":2,"minecraft:oak_sapling":1,"minecraft:oak_planks":3,"minecraft:coal":72,"iceandfire:raw_silver":8,"minecraft:cobblestone":71},"minecraft:dropped":{"tombstone:grave_key":3}},"DataVersion":3465}