{"stats":{"minecraft:killed_by":{"minecraft:skeleton":3,"minecraft:pillager":1},"minecraft:mined":{"minecraft:coarse_dirt":5,"minecraft:red_bed":2,"minecraft:orange_terracotta":2,"minecraft:crafting_table":1,"minecraft:coal_ore":7,"minecraft:grass_block":1,"minecraft:oak_log":32,"minecraft:dead_bush":9,"luminousworld:groundpebbles_2":1,"minecraft:stone":17,"minecraft:oak_planks":1,"minecraft:oak_leaves":14},"minecraft:used":{"minecraft:oak_log":1,"minecraft:stone_pickaxe":14,"minecraft:oak_planks":3,"minecraft:wooden_pickaxe":20,"minecraft:dirt":1,"minecraft:crafting_table":2,"minecraft:red_bed":1,"tombstone:gift":2,"minecraft:coarse_dirt":3},"minecraft:crafted":{"minecraft:oak_planks":28,"minecraft:crafting_table":2,"minecraft:stick":8,"minecraft:stone_pickaxe":1,"minecraft:wooden_pickaxe":1},"minecraft:custom":{"minecraft:time_since_rest":3159,"minecraft:sprint_one_cm":27963,"minecraft:damage_taken":1069,"minecraft:walk_one_cm":82673,"minecraft:drop":3,"minecraft:interact_with_crafting_table":2,"minecraft:fly_one_cm":23308,"minecraft:open_barrel":2,"minecraft:open_chest":2,"minecraft:play_time":22997,"minecraft:deaths":4,"minecraft:sneak_time":22,"minecraft:jump":264,"minecraft:time_since_death":3884,"minecraft:sleep_in_bed":1,"minecraft:climb_one_cm":941,"minecraft:total_world_time":22997,"minecraft:fall_one_cm":5936},"minecraft:picked_up":{"luminousworld:groundpebbles_1":1,"minecraft:crafting_table":1,"minecraft:stick":3,"minecraft:coarse_dirt":5,"minecraft:oak_log":32,"minecraft:dirt":1,"minecraft:red_bed":2,"minecraft:orange_terracotta":2,"minecraft:oak_sapling":1,"minecraft:oak_planks":1,"minecraft:coal":6,"minecraft:cobblestone":17},"minecraft:dropped":{"tombstone:grave_key":3}},"DataVersion":3465}