{"stats":{"minecraft:killed":{"minecraft:pig":2,"born_in_chaos_v1:zombie_lumberjack":2,"enemyexpansion:direwolf":1,"minecraft:chicken":1,"minecraft:drowned":1,"iceandfire:dread_ghoul":1,"enemyexpansion:wasp":1},"minecraft:mined":{"minecraft:orange_wool":2,"quark:blue_blossom_leaves":58,"minecraft:crafting_table":5,"minecraft:grass_block":2,"minecraft:spruce_fence":1,"quark:blossom_log":31,"minecraft:spruce_leaves":1,"minecraft:blue_bed":1,"minecraft:hay_block":10,"minecraft:spruce_stairs":2,"minecraft:spruce_log":2,"minecraft:oak_log":38,"minecraft:oak_fence_gate":1,"minecraft:lantern":1,"quark:spruce_chest":1,"minecraft:dirt":4,"minecraft:mangrove_log":1,"iceandfire:dread_stone_bricks_cracked":1,"minecraft:spruce_fence_gate":2,"minecraft:stone":12,"iceandfire:dread_stone_bricks":2,"minecraft:oak_leaves":9},"minecraft:killed_by":{"mowziesmobs:naga":1,"minecraft:drowned":2,"iceandfire:dread_ghoul":1},"minecraft:used":{"minecraft:oak_planks":6,"minecraft:wooden_pickaxe":41,"minecraft:blue_bed":1,"minecraft:crafting_table":5,"minecraft:apple":1,"minecraft:mangrove_log":1,"minecraft:stone_axe":122,"minecraft:wooden_sword":26,"tombstone:gift":2,"minecraft:oak_boat":1},"minecraft:crafted":{"minecraft:wooden_sword":1,"minecraft:oak_planks":40,"minecraft:crafting_table":1,"minecraft:wooden_pickaxe":2,"minecraft:stone_axe":1,"minecraft:oak_boat":1,"minecraft:stick":24},"minecraft:broken":{"minecraft:stone_axe":1},"minecraft:custom":{"minecraft:interact_with_furnace":2,"minecraft:mob_kills":9,"minecraft:interact_with_crafting_table":6,"minecraft:leave_game":1,"minecraft:time_since_death":2472,"minecraft:sleep_in_bed":2,"minecraft:time_since_rest":2415,"minecraft:sprint_one_cm":100509,"minecraft:damage_taken":1070,"minecraft:walk_one_cm":243899,"minecraft:drop":4,"minecraft:damage_dealt":1703,"minecraft:swim_one_cm":6138,"minecraft:fly_one_cm":127790,"minecraft:open_chest":8,"minecraft:crouch_one_cm":3469,"minecraft:play_time":51852,"tombstone:undead_killed":4,"minecraft:deaths":4,"minecraft:sneak_time":1754,"minecraft:walk_under_water_one_cm":3539,"minecraft:boat_one_cm":7515,"minecraft:jump":570,"minecraft:walk_on_water_one_cm":17982,"minecraft:total_world_time":51852,"minecraft:fall_one_cm":10608},"minecraft:picked_up":{"iceandfire:dread_stone_bricks":1,"minecraft:crafting_table":5,"minecraft:feather":2,"minecraft:chicken":1,"minecraft:wooden_pickaxe":1,"enemyexpansion:wasp_thorax":1,"minecraft:oak_log":39,"minecraft:blue_bed":1,"minecraft:dirt":6,"minecraft:paper":1,"minecraft:lantern":1,"minecraft:item_frame":1,"minecraft:cooked_mutton":1,"minecraft:apple":1,"quark:spruce_chest":1,"minecraft:iron_ingot":1,"minecraft:oak_boat":1,"minecraft:mangrove_log":2,"minecraft:egg":1,"minecraft:stick":2,"minecraft:spruce_stairs":1,"minecraft:spruce_fence":1,"minecraft:porkchop":4,"quark:blossom_log":31,"tombstone:grave_dust":1,"minecraft:spruce_log":2,"minecraft:spruce_fence_gate":2,"minecraft:rotten_flesh":4,"minecraft:hay_block":10,"minecraft:bone_meal":1,"minecraft:emerald":1,"minecraft:oak_sapling":3,"born_in_chaos_v1:rotten_fish":1,"minecraft:cobblestone":20,"minecraft:ender_pearl":4},"minecraft:dropped":{"minecraft:cobblestone":9,"minecraft:dirt":6,"minecraft:oak_sapling":3,"minecraft:wooden_pickaxe":1}},"DataVersion":3465}