{"stats":{"minecraft:broken":{"minecraft:stone_axe":1,"minecraft:wooden_pickaxe":2},"minecraft:killed_by":{"mowziesmobs:naga":1,"minecraft:skeleton":1,"creeperoverhaul:beach_creeper":1,"iceandfire:ghost":4,"minecraft:drowned":2,"iceandfire:dread_ghoul":1},"minecraft:used":{"minecraft:oak_planks":6,"minecraft:ender_pearl":4,"minecraft:wooden_pickaxe":74,"minecraft:blue_bed":7,"minecraft:white_wool":1,"minecraft:crafting_table":6,"minecraft:snowball":13,"minecraft:mangrove_log":1,"minecraft:apple":1,"quark:spruce_chest":2,"minecraft:wooden_sword":54,"minecraft:stone_axe":122,"minecraft:cobblestone":5,"alexsmobs:animal_dictionary":2,"tombstone:gift":2,"minecraft:oak_boat":1},"minecraft:crafted":{"minecraft:wooden_sword":2,"minecraft:oak_planks":156,"minecraft:crafting_table":30,"minecraft:spruce_planks":8,"minecraft:wooden_pickaxe":3,"minecraft:mangrove_planks":4,"minecraft:stone_axe":1,"minecraft:oak_boat":1,"minecraft:stick":32},"minecraft:picked_up":{"iceandfire:dread_stone_bricks":2,"minecraft:crafting_table":5,"minecraft:feather":2,"minecraft:chicken":1,"minecraft:wooden_pickaxe":1,"enemyexpansion:wasp_thorax":1,"minecraft:oak_log":39,"supplementaries:flax_seeds":4,"minecraft:blue_bed":7,"minecraft:dirt":6,"minecraft:paper":1,"minecraft:lantern":1,"minecraft:item_frame":1,"minecraft:cooked_mutton":1,"minecraft:apple":1,"quark:spruce_chest":2,"minecraft:iron_ingot":2,"minecraft:oak_boat":1,"minecraft:sugar_cane":6,"minecraft:mangrove_log":2,"minecraft:egg":1,"minecraft:stick":2,"minecraft:spruce_stairs":1,"minecraft:spruce_fence":1,"quark:blossom_log":31,"minecraft:porkchop":4,"tombstone:grave_dust":1,"minecraft:spruce_log":2,"minecraft:spruce_fence_gate":2,"minecraft:rotten_flesh":4,"minecraft:hay_block":10,"minecraft:bone_meal":1,"minecraft:emerald":1,"minecraft:bread":6,"born_in_chaos_v1:rotten_fish":1,"minecraft:oak_sapling":3,"minecraft:snowball":13,"minecraft:white_wool":2,"minecraft:cobblestone":20,"minecraft:ender_pearl":4},"minecraft:dropped":{"minecraft:cobblestone":13,"minecraft:oak_planks":5,"minecraft:dirt":6,"supplementaries:flax_seeds":4,"minecraft:oak_sapling":3,"iceandfire:dread_stone_bricks":1,"minecraft:wooden_pickaxe":1,"minecraft:white_wool":1},"minecraft:custom":{"minecraft:interact_with_furnace":3,"minecraft:mob_kills":12,"minecraft:interact_with_crafting_table":11,"minecraft:leave_game":3,"minecraft:time_since_death":3361,"minecraft:sleep_in_bed":5,"minecraft:climb_one_cm":20227,"minecraft:time_since_rest":3314,"minecraft:sprint_one_cm":167545,"minecraft:damage_taken":2795,"minecraft:walk_one_cm":371468,"minecraft:trigger_trapped_chest":1,"minecraft:drop":19,"minecraft:damage_dealt":2695,"minecraft:swim_one_cm":6138,"minecraft:fly_one_cm":279275,"minecraft:open_chest":17,"minecraft:crouch_one_cm":4157,"minecraft:play_time":81492,"minecraft:sneak_time":2909,"tombstone:undead_killed":6,"minecraft:deaths":11,"minecraft:walk_under_water_one_cm":4019,"minecraft:boat_one_cm":7515,"minecraft:jump":1078,"minecraft:walk_on_water_one_cm":23946,"minecraft:total_world_time":81492,"minecraft:inspect_dispenser":1,"minecraft:fall_one_cm":15388},"minecraft:killed":{"minecraft:pig":2,"born_in_chaos_v1:zombie_lumberjack":2,"enemyexpansion:direwolf":1,"creeperoverhaul:snowy_creeper":1,"minecraft:skeleton":1,"iceandfire:ghost":1,"minecraft:chicken":1,"minecraft:drowned":1,"iceandfire:dread_ghoul":1,"enemyexpansion:wasp":1},"minecraft:mined":{"minecraft:orange_wool":2,"ecologics:thin_ice":1,"quark:blue_blossom_leaves":58,"minecraft:crafting_table":5,"minecraft:grass_block":2,"minecraft:spruce_fence":1,"quark:blossom_log":31,"supplementaries:wild_flax":4,"minecraft:spruce_leaves":1,"minecraft:sugar_cane":1,"minecraft:blue_bed":7,"minecraft:spawner":2,"minecraft:hay_block":10,"minecraft:spruce_stairs":2,"minecraft:ice":1,"minecraft:spruce_log":2,"minecraft:oak_log":38,"minecraft:vine":1,"minecraft:dirt_path":1,"minecraft:oak_fence_gate":1,"minecraft:lantern":1,"quark:spruce_chest":2,"minecraft:dirt":4,"minecraft:mangrove_log":1,"minecraft:spruce_fence_gate":2,"iceandfire:dread_stone_bricks_cracked":1,"minecraft:stone":12,"minecraft:tripwire":2,"minecraft:white_wool":1,"iceandfire:dread_stone_bricks":2,"minecraft:oak_leaves":9}},"DataVersion":3465}