{"stats":{"minecraft:killed":{"born_in_chaos_v1:zombie_lumberjack":1},"minecraft:mined":{"minecraft:crafting_table":3,"minecraft:grass_block":2,"minecraft:oak_log":38,"minecraft:dirt":4,"minecraft:mangrove_log":1,"minecraft:stone":12,"minecraft:oak_leaves":5},"minecraft:killed_by":{"minecraft:drowned":2},"minecraft:used":{"minecraft:mangrove_log":1,"minecraft:wooden_pickaxe":30,"minecraft:wooden_sword":7,"minecraft:crafting_table":3},"minecraft:crafted":{"minecraft:wooden_sword":1,"minecraft:oak_planks":24,"minecraft:crafting_table":1,"minecraft:stick":24,"minecraft:wooden_pickaxe":2},"minecraft:custom":{"minecraft:time_since_rest":1,"minecraft:sprint_one_cm":22083,"minecraft:damage_taken":510,"minecraft:walk_one_cm":46191,"minecraft:mob_kills":1,"minecraft:damage_dealt":369,"minecraft:swim_one_cm":6138,"minecraft:interact_with_crafting_table":3,"minecraft:fly_one_cm":16131,"minecraft:crouch_one_cm":399,"minecraft:play_time":17167,"tombstone:undead_killed":1,"minecraft:deaths":2,"minecraft:sneak_time":194,"minecraft:walk_under_water_one_cm":442,"minecraft:jump":72,"minecraft:walk_on_water_one_cm":11962,"minecraft:time_since_death":584,"minecraft:total_world_time":17167,"minecraft:fall_one_cm":627},"minecraft:picked_up":{"minecraft:stick":2,"minecraft:crafting_table":3,"minecraft:oak_log":38,"minecraft:dirt":6,"minecraft:rotten_flesh":1,"minecraft:iron_ingot":1,"minecraft:bone_meal":1,"born_in_chaos_v1:rotten_fish":1,"minecraft:oak_sapling":2,"minecraft:mangrove_log":2,"minecraft:cobblestone":11}},"DataVersion":3465}