{"stats":{"minecraft:killed":{"minecraft:chicken":1,"born_in_chaos_v1:zombie_lumberjack":2,"minecraft:drowned":1,"enemyexpansion:direwolf":1,"enemyexpansion:wasp":1},"minecraft:mined":{"minecraft:crafting_table":5,"minecraft:grass_block":2,"minecraft:oak_log":38,"minecraft:dirt":4,"minecraft:mangrove_log":1,"minecraft:stone":12,"minecraft:oak_leaves":7},"minecraft:killed_by":{"mowziesmobs:naga":1,"minecraft:drowned":2},"minecraft:used":{"minecraft:mangrove_log":1,"minecraft:wooden_pickaxe":34,"minecraft:stone_axe":2,"minecraft:wooden_sword":26,"minecraft:crafting_table":5,"minecraft:oak_boat":1},"minecraft:crafted":{"minecraft:wooden_sword":1,"minecraft:oak_boat":1,"minecraft:oak_planks":40,"minecraft:crafting_table":1,"minecraft:stick":24,"minecraft:wooden_pickaxe":2,"minecraft:stone_axe":1},"minecraft:custom":{"minecraft:time_since_rest":1771,"minecraft:sprint_one_cm":47903,"minecraft:damage_taken":770,"minecraft:walk_one_cm":125128,"minecraft:mob_kills":6,"minecraft:drop":1,"minecraft:damage_dealt":1064,"minecraft:swim_one_cm":6138,"minecraft:interact_with_crafting_table":6,"minecraft:fly_one_cm":37027,"minecraft:open_chest":4,"minecraft:crouch_one_cm":593,"minecraft:play_time":29167,"tombstone:undead_killed":3,"minecraft:deaths":3,"minecraft:sneak_time":316,"minecraft:walk_under_water_one_cm":3081,"minecraft:boat_one_cm":7515,"minecraft:jump":221,"minecraft:walk_on_water_one_cm":17835,"minecraft:time_since_death":2109,"minecraft:total_world_time":29167,"minecraft:fall_one_cm":1792},"minecraft:picked_up":{"minecraft:stick":2,"minecraft:crafting_table":5,"minecraft:feather":2,"minecraft:chicken":1,"minecraft:wooden_pickaxe":1,"enemyexpansion:wasp_thorax":1,"minecraft:oak_log":39,"minecraft:dirt":6,"minecraft:rotten_flesh":4,"minecraft:iron_ingot":1,"minecraft:oak_boat":1,"minecraft:bone_meal":1,"born_in_chaos_v1:rotten_fish":1,"minecraft:oak_sapling":2,"minecraft:mangrove_log":2,"minecraft:cobblestone":11,"minecraft:egg":1},"minecraft:dropped":{"minecraft:wooden_pickaxe":1}},"DataVersion":3465}