{"stats":{"minecraft:killed_by":{"minecraft:skeleton":1},"minecraft:mined":{"minecraft:grass_block":1,"minecraft:oak_log":27,"minecraft:coarse_dirt":3,"minecraft:dead_bush":5,"minecraft:oak_leaves":12},"minecraft:used":{"minecraft:dirt":1,"minecraft:oak_planks":2,"tombstone:gift":1,"minecraft:coarse_dirt":3},"minecraft:crafted":{"minecraft:oak_planks":8,"minecraft:crafting_table":1,"minecraft:stick":4},"minecraft:custom":{"minecraft:open_barrel":1,"minecraft:time_since_rest":9046,"minecraft:open_chest":1,"minecraft:walk_one_cm":41907,"minecraft:play_time":10997,"minecraft:sprint_one_cm":14783,"minecraft:damage_taken":370,"minecraft:deaths":1,"minecraft:sneak_time":22,"minecraft:jump":138,"minecraft:time_since_death":9310,"minecraft:total_world_time":10997,"minecraft:climb_one_cm":20,"minecraft:fall_one_cm":1657,"minecraft:fly_one_cm":8862},"minecraft:picked_up":{"minecraft:coarse_dirt":3,"minecraft:stick":1,"minecraft:oak_log":27,"minecraft:dirt":1}},"DataVersion":3465}