{"stats":{"minecraft:custom":{"minecraft:interact_with_furnace":1,"minecraft:mob_kills":6,"tombstone:raider_killed":3,"minecraft:open_barrel":4,"minecraft:pot_flower":1,"minecraft:leave_game":4,"minecraft:time_since_death":3951,"minecraft:climb_one_cm":7903,"minecraft:time_since_rest":3707,"minecraft:damage_absorbed":20,"minecraft:sprint_one_cm":103949,"minecraft:damage_taken":2104,"minecraft:walk_one_cm":164223,"minecraft:trigger_trapped_chest":4,"minecraft:drop":31,"minecraft:damage_dealt":1782,"minecraft:swim_one_cm":32417,"minecraft:fly_one_cm":193119,"minecraft:open_chest":15,"minecraft:crouch_one_cm":2348,"minecraft:play_time":67092,"tombstone:undead_killed":2,"minecraft:deaths":7,"minecraft:sneak_time":1090,"minecraft:walk_under_water_one_cm":5955,"minecraft:jump":644,"minecraft:walk_on_water_one_cm":42509,"minecraft:total_world_time":67092,"minecraft:fall_one_cm":9491},"minecraft:picked_up":{"minecraft:mud":2,"minecraft:feather":1,"minecraft:flower_pot":1,"minecraft:salmon":1,"ecologics:seashell":1,"minecraft:oak_log":1,"minecraft:lily_pad":2,"minecraft:dirt":7,"minecraft:item_frame":2,"naturalist:bass":1,"minecraft:cooked_mutton":1,"minecraft:blue_orchid":1,"iceandfire:podium_acacia":1,"minecraft:scaffolding":1,"naturalist:cattail_fluff":3,"minecraft:copper_ingot":8,"minecraft:sand":4,"minecraft:dark_oak_log":2,"luminousworld:grassflowers":1,"luminousworld:yellow_grassflowers":1,"supplementaries:ash":5,"minecraft:oak_sapling":1},"minecraft:used":{"naturalist:bass":1,"iceandfire:podium_acacia":1,"minecraft:dirt":5,"minecraft:sand":4,"ecologics:seashell":1,"minecraft:flower_pot":1,"minecraft:mud":2,"minecraft:item_frame":2,"minecraft:scaffolding":1,"tombstone:gift":1},"minecraft:killed":{"undead_revamp2:the_moonflower":1,"minecraft:vindicator":3,"minecraft:zombie":1},"minecraft:dropped":{"minecraft:oak_log":1,"minecraft:feather":2,"iceandfire:ectoplasm":3,"minecraft:cooked_mutton":1,"minecraft:copper_ingot":7,"minecraft:salmon":1,"iceandfire:graveyard_soil":5,"supplementaries:ash":2,"tombstone:grave_key":5,"minecraft:bone":4},"minecraft:killed_by":{"enemyexpansion:direwolf":1,"minecraft:iron_golem":1,"iceandfire:ghost":2,"illagerinvasion:provoker":1},"minecraft:mined":{"naturalist:cattail":1,"minecraft:scaffolding":1,"luminousworld:grassvariant_4":2,"minecraft:dark_oak_log":2,"minecraft:potted_blue_orchid":1,"iceandfire:podium_acacia":1,"minecraft:grass_block":4,"luminousworld:grassvariant_2":1,"luminousworld:grassflowers":1,"minecraft:tall_grass":1,"minecraft:lily_pad":5,"luminousworld:savanna_grass_2":1,"minecraft:large_fern":1,"supplementaries:urn":1,"minecraft:tall_seagrass":2,"luminousworld:yellow_grassflowers":1,"naturalist:duckweed":2,"ecologics:seashell":1,"minecraft:mud":2,"minecraft:grass":3,"minecraft:oak_log":1,"minecraft:vine":1,"minecraft:sand":4,"minecraft:dirt":4,"minecraft:oak_leaves":14,"minecraft:fern":1}},"DataVersion":3465}