{"stats":{"minecraft:broken":{"minecraft:wooden_sword":1,"minecraft:stone_axe":1,"minecraft:wooden_pickaxe":2},"minecraft:killed_by":{"mowziesmobs:naga":1,"iceandfire:dread_beast":2,"minecraft:skeleton":1,"creeperoverhaul:beach_creeper":1,"iceandfire:ghost":4,"minecraft:drowned":2,"iceandfire:dread_ghoul":1},"minecraft:used":{"iceandfire:dread_stone_stairs":1,"minecraft:oak_planks":6,"minecraft:spruce_planks":4,"minecraft:ender_pearl":4,"minecraft:wooden_pickaxe":99,"iceandfire:dread_stone_bricks":5,"minecraft:blue_bed":10,"minecraft:white_wool":1,"minecraft:dirt":8,"minecraft:crafting_table":32,"iceandfire:dread_stone_bricks_mossy":1,"minecraft:snowball":13,"minecraft:mangrove_log":1,"minecraft:apple":1,"quark:spruce_chest":2,"minecraft:wooden_sword":67,"minecraft:stone_axe":122,"minecraft:cobblestone":5,"alexsmobs:animal_dictionary":2,"tombstone:gift":2,"iceandfire:dread_stone_bricks_cracked":4,"minecraft:oak_boat":1},"minecraft:crafted":{"minecraft:wooden_sword":3,"minecraft:oak_planks":156,"minecraft:crafting_table":31,"minecraft:spruce_planks":24,"minecraft:wooden_pickaxe":5,"minecraft:mangrove_planks":4,"minecraft:stone_axe":1,"minecraft:oak_boat":1,"minecraft:stick":36},"minecraft:picked_up":{"iceandfire:dread_stone_bricks":10,"iceandfire:sapphire_gem":5,"minecraft:crafting_table":8,"minecraft:feather":2,"minecraft:chicken":2,"minecraft:wooden_pickaxe":1,"enemyexpansion:wasp_thorax":2,"minecraft:potato":10,"minecraft:oak_log":39,"tombstone:grave_key":1,"supplementaries:flax_seeds":4,"iceandfire:dread_stone_bricks_cracked":6,"iceandfire:manuscript":13,"minecraft:dirt":14,"minecraft:blue_bed":10,"minecraft:paper":2,"minecraft:lantern":2,"minecraft:cooked_mutton":2,"minecraft:item_frame":2,"minecraft:apple":1,"quark:spruce_chest":3,"minecraft:iron_ingot":3,"minecraft:oak_boat":2,"iceandfire:dread_stone_stairs":1,"minecraft:sugar_cane":12,"minecraft:mangrove_log":2,"minecraft:egg":1,"minecraft:stick":2,"minecraft:spruce_stairs":1,"minecraft:spruce_fence":1,"quark:blossom_log":62,"minecraft:porkchop":8,"tombstone:grave_dust":2,"minecraft:spruce_log":6,"minecraft:redstone":43,"alexsmobs:animal_dictionary":1,"minecraft:tnt":25,"iceandfire:silver_ingot":2,"minecraft:spruce_fence_gate":2,"minecraft:rotten_flesh":4,"iceandfire:dread_stone_bricks_mossy":2,"minecraft:hay_block":33,"minecraft:bone_meal":2,"minecraft:emerald":2,"minecraft:gold_ingot":3,"minecraft:bread":12,"minecraft:oak_sapling":3,"born_in_chaos_v1:rotten_fish":2,"minecraft:coal":7,"minecraft:snowball":13,"minecraft:white_wool":2,"minecraft:cobblestone":20,"minecraft:ender_pearl":4},"minecraft:dropped":{"minecraft:cobblestone":13,"minecraft:oak_planks":5,"minecraft:dirt":6,"supplementaries:flax_seeds":4,"tombstone:grave_key":1,"minecraft:oak_sapling":3,"iceandfire:dread_stone_bricks":1,"minecraft:wooden_pickaxe":1,"minecraft:white_wool":1},"minecraft:custom":{"minecraft:interact_with_furnace":3,"minecraft:mob_kills":13,"minecraft:interact_with_crafting_table":18,"minecraft:leave_game":6,"minecraft:time_since_death":16368,"minecraft:sleep_in_bed":8,"minecraft:climb_one_cm":20227,"minecraft:time_since_rest":11034,"minecraft:sprint_one_cm":208332,"minecraft:damage_taken":3315,"minecraft:walk_one_cm":424943,"minecraft:trigger_trapped_chest":1,"minecraft:drop":20,"minecraft:damage_dealt":3093,"minecraft:swim_one_cm":6138,"minecraft:fly_one_cm":331723,"minecraft:open_chest":19,"minecraft:play_time":109910,"minecraft:crouch_one_cm":9368,"minecraft:sneak_time":6501,"tombstone:undead_killed":6,"minecraft:deaths":13,"minecraft:walk_under_water_one_cm":4958,"minecraft:boat_one_cm":7515,"minecraft:jump":1326,"minecraft:walk_on_water_one_cm":25163,"minecraft:inspect_dispenser":1,"minecraft:fall_one_cm":17951,"minecraft:total_world_time":109910},"minecraft:killed":{"minecraft:pig":2,"born_in_chaos_v1:zombie_lumberjack":2,"enemyexpansion:direwolf":1,"creeperoverhaul:snowy_creeper":1,"minecraft:skeleton":1,"iceandfire:ghost":1,"minecraft:chicken":1,"minecraft:drowned":1,"iceandfire:dread_scuttler":1,"iceandfire:dread_ghoul":1,"enemyexpansion:wasp":1},"minecraft:mined":{"minecraft:orange_wool":2,"ecologics:thin_ice":1,"quark:blue_blossom_leaves":58,"minecraft:crafting_table":8,"minecraft:spruce_fence":1,"minecraft:grass_block":9,"iceandfire:dread_stone_stairs":1,"supplementaries:wild_flax":4,"quark:blossom_log":31,"minecraft:spruce_leaves":1,"minecraft:sugar_cane":1,"minecraft:blue_bed":10,"minecraft:spawner":2,"minecraft:spruce_stairs":2,"minecraft:hay_block":23,"minecraft:ice":1,"minecraft:spruce_log":6,"iceandfire:dread_stone_bricks_mossy":2,"minecraft:oak_log":38,"minecraft:dirt_path":1,"minecraft:vine":1,"minecraft:oak_fence_gate":1,"minecraft:lantern":1,"quark:spruce_chest":3,"minecraft:dirt":5,"minecraft:mangrove_log":1,"minecraft:spruce_fence_gate":2,"minecraft:stone":12,"iceandfire:dread_stone_bricks_cracked":7,"minecraft:white_wool":1,"minecraft:oak_leaves":9,"iceandfire:dread_stone_bricks":11,"minecraft:tripwire":2}},"DataVersion":3465}