{"stats":{"minecraft:broken":{"minecraft:wooden_sword":1,"minecraft:stone_axe":1,"minecraft:wooden_pickaxe":2},"minecraft:killed_by":{"mowziesmobs:naga":1,"iceandfire:dread_beast":1,"minecraft:skeleton":1,"creeperoverhaul:beach_creeper":1,"iceandfire:ghost":4,"minecraft:drowned":2,"iceandfire:dread_ghoul":1},"minecraft:used":{"iceandfire:dread_stone_stairs":1,"minecraft:oak_planks":6,"minecraft:spruce_planks":4,"minecraft:ender_pearl":4,"minecraft:wooden_pickaxe":99,"iceandfire:dread_stone_bricks":5,"minecraft:blue_bed":8,"minecraft:white_wool":1,"minecraft:dirt":8,"minecraft:crafting_table":32,"iceandfire:dread_stone_bricks_mossy":1,"minecraft:snowball":13,"minecraft:mangrove_log":1,"minecraft:apple":1,"quark:spruce_chest":2,"minecraft:wooden_sword":67,"minecraft:stone_axe":122,"minecraft:cobblestone":5,"alexsmobs:animal_dictionary":2,"tombstone:gift":2,"minecraft:oak_boat":1,"iceandfire:dread_stone_bricks_cracked":4},"minecraft:crafted":{"minecraft:wooden_sword":3,"minecraft:oak_planks":156,"minecraft:crafting_table":31,"minecraft:spruce_planks":24,"minecraft:wooden_pickaxe":5,"minecraft:mangrove_planks":4,"minecraft:stone_axe":1,"minecraft:oak_boat":1,"minecraft:stick":36},"minecraft:picked_up":{"iceandfire:dread_stone_bricks":10,"minecraft:crafting_table":7,"minecraft:feather":2,"minecraft:chicken":1,"minecraft:wooden_pickaxe":1,"enemyexpansion:wasp_thorax":1,"minecraft:oak_log":39,"supplementaries:flax_seeds":4,"iceandfire:dread_stone_bricks_cracked":6,"minecraft:blue_bed":8,"minecraft:dirt":14,"minecraft:paper":1,"minecraft:lantern":1,"minecraft:item_frame":1,"minecraft:cooked_mutton":1,"minecraft:apple":1,"quark:spruce_chest":2,"minecraft:iron_ingot":2,"iceandfire:dread_stone_stairs":1,"minecraft:oak_boat":1,"minecraft:sugar_cane":6,"minecraft:mangrove_log":2,"minecraft:egg":1,"minecraft:stick":2,"minecraft:spruce_stairs":1,"minecraft:spruce_fence":1,"quark:blossom_log":31,"minecraft:porkchop":4,"tombstone:grave_dust":1,"minecraft:spruce_log":6,"minecraft:spruce_fence_gate":2,"minecraft:rotten_flesh":4,"iceandfire:dread_stone_bricks_mossy":2,"minecraft:hay_block":10,"minecraft:bone_meal":1,"minecraft:emerald":1,"minecraft:bread":6,"born_in_chaos_v1:rotten_fish":1,"minecraft:oak_sapling":3,"minecraft:snowball":13,"minecraft:white_wool":2,"minecraft:cobblestone":20,"minecraft:ender_pearl":4},"minecraft:dropped":{"minecraft:cobblestone":13,"minecraft:oak_planks":5,"minecraft:dirt":6,"supplementaries:flax_seeds":4,"minecraft:oak_sapling":3,"iceandfire:dread_stone_bricks":1,"minecraft:wooden_pickaxe":1,"minecraft:white_wool":1},"minecraft:custom":{"minecraft:interact_with_furnace":3,"minecraft:mob_kills":13,"minecraft:interact_with_crafting_table":18,"minecraft:leave_game":3,"minecraft:time_since_death":7201,"minecraft:sleep_in_bed":6,"minecraft:climb_one_cm":20227,"minecraft:time_since_rest":6899,"minecraft:sprint_one_cm":172911,"minecraft:damage_taken":3235,"minecraft:walk_one_cm":389377,"minecraft:trigger_trapped_chest":1,"minecraft:drop":19,"minecraft:damage_dealt":3093,"minecraft:swim_one_cm":6138,"minecraft:fly_one_cm":293407,"minecraft:open_chest":19,"minecraft:crouch_one_cm":9270,"minecraft:play_time":93492,"minecraft:sneak_time":6467,"tombstone:undead_killed":6,"minecraft:deaths":12,"minecraft:walk_under_water_one_cm":4019,"minecraft:boat_one_cm":7515,"minecraft:jump":1157,"minecraft:walk_on_water_one_cm":23946,"minecraft:total_world_time":93492,"minecraft:inspect_dispenser":1,"minecraft:fall_one_cm":16722},"minecraft:killed":{"minecraft:pig":2,"born_in_chaos_v1:zombie_lumberjack":2,"enemyexpansion:direwolf":1,"creeperoverhaul:snowy_creeper":1,"minecraft:skeleton":1,"iceandfire:ghost":1,"minecraft:chicken":1,"minecraft:drowned":1,"iceandfire:dread_scuttler":1,"iceandfire:dread_ghoul":1,"enemyexpansion:wasp":1},"minecraft:mined":{"minecraft:orange_wool":2,"ecologics:thin_ice":1,"quark:blue_blossom_leaves":58,"minecraft:crafting_table":7,"minecraft:grass_block":9,"minecraft:spruce_fence":1,"iceandfire:dread_stone_stairs":1,"quark:blossom_log":31,"supplementaries:wild_flax":4,"minecraft:spruce_leaves":1,"minecraft:sugar_cane":1,"minecraft:blue_bed":8,"minecraft:spawner":2,"minecraft:hay_block":10,"minecraft:spruce_stairs":2,"minecraft:ice":1,"minecraft:spruce_log":6,"iceandfire:dread_stone_bricks_mossy":2,"minecraft:oak_log":38,"minecraft:vine":1,"minecraft:dirt_path":1,"minecraft:oak_fence_gate":1,"minecraft:lantern":1,"quark:spruce_chest":2,"minecraft:dirt":5,"minecraft:mangrove_log":1,"minecraft:spruce_fence_gate":2,"iceandfire:dread_stone_bricks_cracked":7,"minecraft:stone":12,"minecraft:tripwire":2,"minecraft:white_wool":1,"iceandfire:dread_stone_bricks":11,"minecraft:oak_leaves":9}},"DataVersion":3465}