{"stats":{"minecraft:killed":{"minecraft:pig":2,"minecraft:chicken":1,"born_in_chaos_v1:zombie_lumberjack":2,"minecraft:drowned":1,"enemyexpansion:direwolf":1,"enemyexpansion:wasp":1},"minecraft:mined":{"minecraft:spruce_stairs":2,"minecraft:hay_block":10,"minecraft:spruce_log":2,"quark:blue_blossom_leaves":58,"minecraft:crafting_table":5,"minecraft:spruce_fence":1,"minecraft:grass_block":2,"minecraft:oak_log":38,"minecraft:oak_fence_gate":1,"minecraft:lantern":1,"quark:blossom_log":31,"minecraft:dirt":4,"minecraft:mangrove_log":1,"minecraft:spruce_fence_gate":2,"minecraft:stone":12,"minecraft:oak_leaves":9},"minecraft:killed_by":{"mowziesmobs:naga":1,"minecraft:drowned":2},"minecraft:used":{"minecraft:mangrove_log":1,"minecraft:wooden_pickaxe":35,"minecraft:stone_axe":117,"minecraft:wooden_sword":26,"minecraft:crafting_table":5,"minecraft:oak_boat":1},"minecraft:crafted":{"minecraft:wooden_sword":1,"minecraft:oak_boat":1,"minecraft:oak_planks":40,"minecraft:crafting_table":1,"minecraft:stick":24,"minecraft:wooden_pickaxe":2,"minecraft:stone_axe":1},"minecraft:custom":{"minecraft:time_since_rest":9432,"minecraft:interact_with_furnace":2,"minecraft:sprint_one_cm":77657,"minecraft:damage_taken":810,"minecraft:walk_one_cm":206251,"minecraft:mob_kills":8,"minecraft:drop":3,"minecraft:damage_dealt":1264,"minecraft:swim_one_cm":6138,"minecraft:interact_with_crafting_table":6,"minecraft:fly_one_cm":64375,"minecraft:open_chest":6,"minecraft:crouch_one_cm":3469,"minecraft:play_time":42155,"tombstone:undead_killed":3,"minecraft:deaths":3,"minecraft:sneak_time":1743,"minecraft:walk_under_water_one_cm":3539,"minecraft:boat_one_cm":7515,"minecraft:jump":368,"minecraft:leave_game":1,"minecraft:walk_on_water_one_cm":17971,"minecraft:time_since_death":15097,"minecraft:sleep_in_bed":1,"minecraft:total_world_time":42155,"minecraft:fall_one_cm":5419},"minecraft:picked_up":{"minecraft:stick":2,"minecraft:crafting_table":5,"minecraft:feather":2,"minecraft:chicken":1,"minecraft:wooden_pickaxe":1,"minecraft:spruce_stairs":1,"enemyexpansion:wasp_thorax":1,"minecraft:spruce_fence":1,"minecraft:porkchop":4,"quark:blossom_log":31,"minecraft:oak_log":39,"minecraft:spruce_log":2,"minecraft:dirt":6,"minecraft:lantern":1,"minecraft:apple":1,"minecraft:spruce_fence_gate":2,"minecraft:rotten_flesh":4,"minecraft:hay_block":10,"minecraft:iron_ingot":1,"minecraft:emerald":1,"minecraft:oak_boat":1,"minecraft:bone_meal":1,"born_in_chaos_v1:rotten_fish":1,"minecraft:oak_sapling":3,"minecraft:mangrove_log":2,"minecraft:cobblestone":11,"minecraft:egg":1},"minecraft:dropped":{"minecraft:dirt":6,"minecraft:oak_sapling":3,"minecraft:wooden_pickaxe":1}},"DataVersion":3465}