{"stats":{"minecraft:broken":{"minecraft:wooden_pickaxe":2,"minecraft:wooden_sword":1,"minecraft:stone_axe":1},"minecraft:killed_by":{"mowziesmobs:naga":1,"iceandfire:dread_beast":2,"creeperoverhaul:beach_creeper":1,"minecraft:drowned":2,"iceandfire:dread_ghoul":1,"minecraft:skeleton":1,"iceandfire:ghost":4},"minecraft:used":{"iceandfire:dread_stone_stairs":1,"minecraft:spruce_planks":4,"minecraft:creeper_head":1,"minecraft:dirt":8,"minecraft:white_carpet":1,"minecraft:snowball":13,"minecraft:mangrove_log":1,"quark:spruce_chest":2,"minecraft:item_frame":2,"tombstone:gift":2,"minecraft:cooked_mutton":2,"minecraft:oak_planks":6,"minecraft:ender_pearl":4,"minecraft:wooden_pickaxe":99,"iceandfire:dread_stone_bricks":5,"minecraft:blue_bed":10,"minecraft:white_wool":3,"minecraft:crafting_table":32,"iceandfire:dread_stone_bricks_mossy":1,"minecraft:apple":1,"minecraft:stone_axe":122,"minecraft:wooden_sword":67,"minecraft:cobblestone":5,"alexsmobs:animal_dictionary":4,"minecraft:oak_boat":1,"minecraft:purple_carpet":1,"minecraft:experience_bottle":1,"iceandfire:dread_stone_bricks_cracked":4},"minecraft:crafted":{"minecraft:wooden_sword":3,"minecraft:oak_planks":156,"minecraft:crafting_table":31,"minecraft:spruce_planks":24,"minecraft:wooden_pickaxe":5,"minecraft:mangrove_planks":4,"minecraft:stone_axe":1,"minecraft:oak_boat":1,"minecraft:stick":36},"minecraft:picked_up":{"iceandfire:dread_stone_bricks":10,"minecraft:crafting_table":8,"minecraft:chicken":2,"minecraft:creeper_head":1,"minecraft:wooden_pickaxe":1,"enemyexpansion:wasp_thorax":2,"tombstone:grave_key":1,"iceandfire:manuscript":13,"minecraft:item_frame":4,"minecraft:white_carpet":1,"minecraft:experience_bottle":1,"quark:spruce_chest":3,"minecraft:oak_boat":2,"minecraft:sugar_cane":12,"minecraft:mangrove_log":2,"minecraft:egg":1,"minecraft:stick":2,"born_in_chaos_v1:shattered_skull":1,"minecraft:spruce_stairs":1,"minecraft:spruce_fence":1,"minecraft:porkchop":8,"quark:blossom_log":62,"tombstone:grave_dust":2,"minecraft:redstone":43,"minecraft:tnt":25,"minecraft:rotten_flesh":6,"iceandfire:silver_ingot":2,"minecraft:hay_block":105,"minecraft:gold_ingot":3,"minecraft:snowball":13,"minecraft:white_wool":3,"minecraft:cobblestone":20,"iceandfire:sapphire_gem":5,"minecraft:feather":2,"minecraft:potato":10,"minecraft:oak_log":39,"supplementaries:flax_seeds":4,"iceandfire:dread_stone_bricks_cracked":6,"minecraft:blue_bed":10,"minecraft:dirt":14,"minecraft:paper":2,"minecraft:lantern":2,"minecraft:purple_carpet":1,"minecraft:cooked_mutton":4,"minecraft:bone":4,"minecraft:apple":1,"minecraft:iron_ingot":3,"iceandfire:dread_stone_stairs":1,"minecraft:spruce_log":6,"alexsmobs:animal_dictionary":1,"minecraft:spruce_fence_gate":2,"iceandfire:dread_stone_bricks_mossy":2,"minecraft:bone_meal":2,"minecraft:emerald":4,"minecraft:bread":12,"born_in_chaos_v1:rotten_fish":2,"minecraft:oak_sapling":4,"minecraft:coal":7,"minecraft:ender_pearl":4},"minecraft:dropped":{"minecraft:cobblestone":13,"minecraft:dirt":6,"tombstone:grave_key":1,"iceandfire:dread_stone_bricks":1,"minecraft:white_wool":1,"minecraft:bone":4,"minecraft:oak_planks":5,"supplementaries:flax_seeds":4,"minecraft:oak_sapling":4,"minecraft:wooden_pickaxe":1},"minecraft:custom":{"minecraft:mob_kills":14,"minecraft:interact_with_crafting_table":18,"minecraft:leave_game":13,"minecraft:time_since_death":68545,"minecraft:climb_one_cm":20227,"minecraft:sprint_one_cm":240788,"minecraft:walk_one_cm":558245,"minecraft:drop":25,"minecraft:talked_to_villager":8,"minecraft:play_time":162087,"minecraft:deaths":13,"minecraft:sneak_time":6793,"minecraft:walk_under_water_one_cm":4958,"minecraft:boat_one_cm":7515,"minecraft:jump":1565,"minecraft:walk_on_water_one_cm":25294,"minecraft:total_world_time":162087,"minecraft:interact_with_furnace":4,"minecraft:sleep_in_bed":9,"minecraft:time_since_rest":50010,"minecraft:damage_taken":3400,"minecraft:trigger_trapped_chest":1,"minecraft:damage_dealt":3128,"minecraft:swim_one_cm":6138,"minecraft:fly_one_cm":386678,"minecraft:open_chest":21,"minecraft:crouch_one_cm":10751,"tombstone:undead_killed":6,"minecraft:fall_one_cm":22056,"minecraft:inspect_dispenser":1},"minecraft:killed":{"born_in_chaos_v1:zombie_lumberjack":2,"undead_revamp2:axestrom":1,"enemyexpansion:direwolf":1,"creeperoverhaul:snowy_creeper":1,"minecraft:skeleton":1,"minecraft:chicken":1,"minecraft:drowned":1,"iceandfire:dread_scuttler":1,"minecraft:pig":2,"iceandfire:ghost":1,"iceandfire:dread_ghoul":1,"enemyexpansion:wasp":1},"minecraft:mined":{"minecraft:orange_wool":2,"quark:blue_blossom_leaves":58,"minecraft:grass_block":9,"minecraft:spruce_fence":1,"minecraft:spruce_leaves":1,"minecraft:potted_bamboo":1,"minecraft:spawner":2,"minecraft:hay_block":95,"minecraft:vine":1,"minecraft:dirt_path":1,"minecraft:purple_carpet":1,"minecraft:lantern":1,"iceandfire:dread_stone_bricks_cracked":7,"minecraft:stone":12,"iceandfire:podium_spruce":1,"minecraft:white_wool":2,"minecraft:tripwire":2,"ecologics:thin_ice":2,"minecraft:crafting_table":8,"iceandfire:dread_stone_stairs":1,"quark:blossom_log":31,"supplementaries:wild_flax":4,"minecraft:sugar_cane":1,"minecraft:blue_bed":10,"minecraft:spruce_stairs":2,"minecraft:creeper_head":1,"minecraft:ice":2,"minecraft:white_carpet":1,"minecraft:spruce_log":6,"iceandfire:dread_stone_bricks_mossy":2,"minecraft:oak_log":38,"minecraft:oak_fence_gate":1,"quark:spruce_chest":3,"minecraft:dirt":5,"minecraft:mangrove_log":1,"minecraft:spruce_fence_gate":2,"iceandfire:dread_stone_bricks":11,"minecraft:oak_leaves":10}},"DataVersion":3465}