{"stats":{"minecraft:killed":{"born_in_chaos_v1:decrepit_skeleton":1,"minecraft:zombie":2,"enemyexpansion:wasp":1},"minecraft:killed_by":{"minecraft:spider":1},"minecraft:mined":{"minecraft:oak_slab":1,"luminousworld:groundpebbles_1":1,"minecraft:crafting_table":3,"minecraft:torch":1,"minecraft:cobblestone":2,"minecraft:spruce_leaves":1,"minecraft:oak_planks":1,"minecraft:diorite":3,"minecraft:iron_ore":10,"minecraft:redstone_torch":4,"minecraft:sweet_berry_bush":15,"minecraft:peony":1,"minecraft:grass":1,"minecraft:coal_ore":62,"minecraft:oak_log":22,"minecraft:gravel":1,"minecraft:stone":104,"minecraft:stone_bricks":1,"minecraft:mossy_stone_bricks":1,"minecraft:oak_leaves":7},"minecraft:used":{"minecraft:stone_pickaxe":198,"minecraft:oak_planks":1,"minecraft:wooden_pickaxe":3,"minecraft:torch":37,"minecraft:oak_slab":1,"minecraft:crafting_table":3,"minecraft:redstone_torch":3,"minecraft:oak_log":4,"minecraft:stone_axe":32,"minecraft:cobblestone":22,"minecraft:sweet_berries":5,"tombstone:gift":2,"alexsmobs:animal_dictionary":2,"minecraft:oak_boat":2,"minecraft:egg":1},"minecraft:crafted":{"minecraft:oak_planks":40,"minecraft:crafting_table":1,"minecraft:wooden_pickaxe":1,"minecraft:stone_axe":1,"minecraft:oak_boat":1,"minecraft:stick":48,"minecraft:stone_pickaxe":2,"minecraft:torch":36},"minecraft:custom":{"minecraft:interact_with_furnace":2,"minecraft:mob_kills":4,"minecraft:interact_with_crafting_table":8,"minecraft:leave_game":2,"minecraft:time_since_death":5769,"minecraft:climb_one_cm":698,"minecraft:time_since_rest":3370,"minecraft:sprint_one_cm":91213,"minecraft:damage_taken":825,"minecraft:walk_one_cm":285212,"minecraft:drop":2,"minecraft:damage_dealt":1050,"minecraft:fly_one_cm":68241,"minecraft:crouch_one_cm":3741,"minecraft:play_time":67011,"tombstone:undead_killed":3,"minecraft:deaths":3,"minecraft:sneak_time":1198,"minecraft:walk_under_water_one_cm":742,"minecraft:boat_one_cm":68350,"minecraft:jump":663,"minecraft:walk_on_water_one_cm":9498,"minecraft:total_world_time":67011,"minecraft:fall_one_cm":8276},"minecraft:broken":{"minecraft:stone_pickaxe":1},"minecraft:picked_up":{"luminousworld:groundpebbles_1":1,"minecraft:crafting_table":3,"minecraft:oak_log":22,"tombstone:grave_key":1,"minecraft:bone":2,"minecraft:stone_bricks":1,"minecraft:cracked_stone_bricks":1,"minecraft:oak_boat":2,"minecraft:redstone_torch":4,"minecraft:mossy_stone_bricks":1,"minecraft:oak_planks":1,"minecraft:egg":1,"minecraft:oak_slab":1,"minecraft:stick":1,"minecraft:raw_iron":10,"minecraft:sweet_berries":39,"minecraft:torch":1,"minecraft:gravel":1,"minecraft:diorite":3,"minecraft:peony":1,"minecraft:oak_sapling":1,"minecraft:coal":62,"minecraft:cobblestone":102},"minecraft:dropped":{"tombstone:grave_key":1,"tombstone:grave_dust":1}},"DataVersion":3465}