{"stats":{"minecraft:killed":{"born_in_chaos_v1:decrepit_skeleton":1},"minecraft:killed_by":{"minecraft:spider":1},"minecraft:mined":{"minecraft:iron_ore":6,"minecraft:crafting_table":1,"minecraft:oak_log":18,"minecraft:coal_ore":62,"minecraft:stone":102,"minecraft:oak_planks":1,"minecraft:diorite":3,"minecraft:oak_leaves":7},"minecraft:used":{"minecraft:oak_log":4,"minecraft:stone_pickaxe":181,"minecraft:oak_planks":1,"minecraft:wooden_pickaxe":3,"minecraft:stone_axe":4,"minecraft:torch":34,"minecraft:cobblestone":1,"minecraft:crafting_table":2,"tombstone:gift":2,"minecraft:egg":1},"minecraft:crafted":{"minecraft:oak_planks":32,"minecraft:crafting_table":1,"minecraft:stick":48,"minecraft:wooden_pickaxe":1,"minecraft:stone_pickaxe":2,"minecraft:torch":36,"minecraft:stone_axe":1},"minecraft:custom":{"minecraft:time_since_rest":26672,"minecraft:sprint_one_cm":35914,"minecraft:damage_taken":430,"minecraft:walk_one_cm":178460,"minecraft:mob_kills":1,"minecraft:drop":2,"minecraft:damage_dealt":400,"minecraft:interact_with_crafting_table":5,"minecraft:fly_one_cm":18564,"minecraft:crouch_one_cm":2338,"minecraft:play_time":42178,"tombstone:undead_killed":1,"minecraft:deaths":1,"minecraft:sneak_time":862,"minecraft:jump":285,"minecraft:leave_game":1,"minecraft:time_since_death":26857,"minecraft:walk_on_water_one_cm":1617,"minecraft:total_world_time":42178,"minecraft:fall_one_cm":5365},"minecraft:broken":{"minecraft:stone_pickaxe":1},"minecraft:picked_up":{"minecraft:stick":1,"minecraft:crafting_table":1,"minecraft:raw_iron":6,"minecraft:oak_log":18,"tombstone:grave_key":1,"minecraft:diorite":3,"minecraft:bone":2,"minecraft:oak_planks":1,"minecraft:coal":62,"minecraft:cobblestone":100,"minecraft:egg":1},"minecraft:dropped":{"tombstone:grave_key":1,"tombstone:grave_dust":1}},"DataVersion":3465}