{"stats":{"minecraft:killed":{"minecraft:sheep":1,"born_in_chaos_v1:zombie_lumberjack":1},"minecraft:mined":{"minecraft:fire":6,"minecraft:grass":3,"minecraft:emerald_ore":1,"minecraft:grass_block":1,"minecraft:oak_log":1,"minecraft:vine":1,"supplementaries:wild_flax":1,"minecraft:dirt":2,"minecraft:tall_grass":2,"minecraft:stone":7,"minecraft:oak_leaves":3,"luminousworld:groundpebbles_3":3},"minecraft:killed_by":{"creeperoverhaul:hills_creeper":1,"born_in_chaos_v1:corpse_fly":1,"undead_revamp2:the_moonflower":1,"illagerinvasion:alchemist":1,"born_in_chaos_v1:corpse_fish":1},"minecraft:used":{"minecraft:apple":1,"minecraft:jungle_log":1,"deeperdarker:soul_elytra":3,"supplementaries:urn":2,"minecraft:white_wool":2,"minecraft:dirt":2,"minecraft:cobblestone":7,"minecraft:crafting_table":1,"tombstone:gift":4,"deeperdarker:warden_pickaxe":9},"minecraft:crafted":{"minecraft:oak_planks":4,"minecraft:crafting_table":1},"minecraft:custom":{"minecraft:time_since_rest":1,"minecraft:sprint_one_cm":111045,"minecraft:damage_taken":1804,"minecraft:walk_one_cm":142064,"minecraft:mob_kills":2,"minecraft:drop":9,"minecraft:damage_dealt":1270,"minecraft:swim_one_cm":5725,"minecraft:interact_with_crafting_table":1,"minecraft:fly_one_cm":170149,"minecraft:open_chest":1,"minecraft:crouch_one_cm":1253,"minecraft:play_time":73380,"minecraft:interact_with_loom":1,"tombstone:undead_killed":1,"minecraft:deaths":7,"minecraft:sneak_time":396,"minecraft:walk_under_water_one_cm":2676,"minecraft:aviate_one_cm":58792,"minecraft:jump":720,"minecraft:leave_game":4,"minecraft:time_since_death":799,"minecraft:walk_on_water_one_cm":7957,"minecraft:climb_one_cm":2931,"minecraft:total_world_time":73380,"minecraft:fall_one_cm":11539},"minecraft:picked_up":{"luminousworld:groundpebbles_1":3,"minecraft:jungle_log":2,"minecraft:acacia_log":2,"tombstone:grave_key":1,"minecraft:oak_log":1,"supplementaries:flax_seeds":1,"minecraft:dirt":2,"minecraft:rotten_flesh":3,"minecraft:apple":1,"minecraft:emerald":1,"minecraft:oak_sapling":1,"minecraft:mutton":2,"minecraft:white_wool":3,"minecraft:cobblestone":7},"minecraft:dropped":{"tombstone:grave_key":3,"minecraft:mutton":2,"deeperdarker:heart_of_the_deep":1,"minecraft:white_wool":3}},"DataVersion":3465}