{"stats":{"minecraft:picked_up":{"minecraft:mutton":1,"minecraft:white_wool":1,"minecraft:dirt":2},"minecraft:used":{"minecraft:dirt":2},"minecraft:custom":{"minecraft:jump":69,"minecraft:time_since_rest":12476,"minecraft:damage_dealt":80,"minecraft:leave_game":1,"minecraft:play_time":12476,"minecraft:sprint_one_cm":14619,"minecraft:time_since_death":12476,"minecraft:walk_one_cm":9614,"minecraft:total_world_time":12476,"minecraft:mob_kills":1,"minecraft:fall_one_cm":836,"minecraft:fly_one_cm":16933},"minecraft:killed":{"minecraft:sheep":1},"minecraft:mined":{"minecraft:grass":2,"minecraft:dirt":2}},"DataVersion":3465}