{"stats":{"minecraft:mined":{"minecraft:dandelion":6,"minecraft:cornflower":1,"minecraft:azure_bluet":2,"minecraft:grass":26,"minecraft:poppy":1,"minecraft:tall_grass":12,"minecraft:oak_leaves":14},"minecraft:picked_up":{"minecraft:azure_bluet":2,"minecraft:dandelion":6,"minecraft:porkchop":2,"iceandfire:rotten_egg":1,"minecraft:cornflower":1,"minecraft:rotten_flesh":4,"undead_revamp2:blacpetalblock":1,"minecraft:wheat_seeds":3,"minecraft:poppy":1,"supplementaries:ash":1,"undead_revamp2:arapholia":1,"minecraft:cod":2,"minecraft:egg":1},"minecraft:killed":{"born_in_chaos_v1:barrel_zombie":1,"minecraft:pig":1},"minecraft:dropped":{"minecraft:poppy":1,"minecraft:wheat_seeds":2,"iceandfire:rotten_egg":1,"minecraft:cornflower":1,"minecraft:azure_bluet":2,"minecraft:dandelion":6,"minecraft:egg":1},"minecraft:killed_by":{"undead_revamp2:the_moonflower":3},"minecraft:used":{"undead_revamp2:blacpetalblock":1,"tombstone:gift":2,"minecraft:egg":30},"minecraft:custom":{"minecraft:time_since_rest":16631,"minecraft:sprint_one_cm":21888,"minecraft:damage_taken":1110,"minecraft:walk_one_cm":86339,"minecraft:mob_kills":2,"minecraft:drop":14,"minecraft:damage_dealt":710,"minecraft:fly_one_cm":123688,"minecraft:play_time":44985,"tombstone:undead_killed":1,"minecraft:deaths":4,"minecraft:sneak_time":488,"minecraft:walk_under_water_one_cm":16545,"minecraft:jump":259,"minecraft:leave_game":3,"minecraft:time_since_death":16814,"minecraft:walk_on_water_one_cm":2240,"minecraft:total_world_time":44985,"minecraft:fall_one_cm":3527}},"DataVersion":3465}