{"stats":{"minecraft:killed_by":{"minecraft:spider":1},"minecraft:mined":{"minecraft:coal_ore":6,"minecraft:oak_log":18,"minecraft:stone":5,"minecraft:oak_leaves":7},"minecraft:used":{"minecraft:torch":1,"minecraft:crafting_table":1,"minecraft:stone_pickaxe":8,"tombstone:gift":2,"minecraft:wooden_pickaxe":3,"minecraft:egg":1},"minecraft:crafted":{"minecraft:oak_planks":32,"minecraft:torch":8,"minecraft:crafting_table":1,"minecraft:stick":48,"minecraft:wooden_pickaxe":1,"minecraft:stone_pickaxe":1},"minecraft:custom":{"minecraft:time_since_rest":14672,"minecraft:crouch_one_cm":247,"minecraft:walk_one_cm":116235,"minecraft:sprint_one_cm":13256,"minecraft:play_time":30178,"minecraft:damage_taken":260,"minecraft:deaths":1,"minecraft:sneak_time":283,"minecraft:drop":1,"minecraft:jump":134,"minecraft:damage_dealt":45,"minecraft:leave_game":1,"minecraft:walk_on_water_one_cm":1141,"minecraft:time_since_death":14857,"minecraft:total_world_time":30178,"minecraft:interact_with_crafting_table":2,"minecraft:fall_one_cm":4258,"minecraft:fly_one_cm":8314},"minecraft:picked_up":{"minecraft:stick":1,"tombstone:grave_key":1,"minecraft:oak_log":18,"minecraft:coal":6,"minecraft:cobblestone":5,"minecraft:egg":1},"minecraft:dropped":{"tombstone:grave_key":1}},"DataVersion":3465}