{"stats":{"minecraft:killed":{"born_in_chaos_v1:decrepit_skeleton":1},"minecraft:killed_by":{"minecraft:spider":1},"minecraft:mined":{"luminousworld:groundpebbles_1":1,"minecraft:redstone_torch":4,"minecraft:iron_ore":10,"minecraft:sweet_berry_bush":15,"minecraft:crafting_table":3,"minecraft:grass":1,"minecraft:oak_log":22,"minecraft:coal_ore":62,"minecraft:spruce_leaves":1,"minecraft:stone":102,"minecraft:oak_planks":1,"minecraft:diorite":3,"minecraft:oak_leaves":7},"minecraft:used":{"minecraft:oak_log":4,"minecraft:stone_pickaxe":191,"minecraft:oak_planks":1,"minecraft:wooden_pickaxe":3,"minecraft:stone_axe":24,"minecraft:torch":34,"minecraft:cobblestone":1,"minecraft:sweet_berries":5,"minecraft:crafting_table":3,"minecraft:oak_boat":1,"alexsmobs:animal_dictionary":2,"tombstone:gift":2,"minecraft:egg":1},"minecraft:crafted":{"minecraft:oak_boat":1,"minecraft:oak_planks":40,"minecraft:crafting_table":1,"minecraft:stick":48,"minecraft:wooden_pickaxe":1,"minecraft:stone_pickaxe":2,"minecraft:torch":36,"minecraft:stone_axe":1},"minecraft:custom":{"minecraft:time_since_rest":1219,"minecraft:sprint_one_cm":60605,"minecraft:damage_taken":460,"minecraft:walk_one_cm":237296,"minecraft:mob_kills":1,"minecraft:drop":2,"minecraft:damage_dealt":400,"minecraft:interact_with_crafting_table":7,"minecraft:fly_one_cm":29630,"minecraft:crouch_one_cm":2413,"minecraft:play_time":54178,"tombstone:undead_killed":1,"minecraft:deaths":2,"minecraft:sneak_time":884,"minecraft:walk_under_water_one_cm":110,"minecraft:boat_one_cm":14040,"minecraft:jump":476,"minecraft:leave_game":1,"minecraft:time_since_death":3618,"minecraft:walk_on_water_one_cm":4672,"minecraft:total_world_time":54178,"minecraft:fall_one_cm":6349},"minecraft:broken":{"minecraft:stone_pickaxe":1},"minecraft:picked_up":{"luminousworld:groundpebbles_1":1,"minecraft:stick":1,"minecraft:crafting_table":3,"minecraft:raw_iron":10,"minecraft:sweet_berries":39,"minecraft:oak_log":22,"tombstone:grave_key":1,"minecraft:diorite":3,"minecraft:bone":2,"minecraft:redstone_torch":4,"minecraft:oak_boat":1,"minecraft:oak_sapling":1,"minecraft:oak_planks":1,"minecraft:coal":62,"minecraft:cobblestone":100,"minecraft:egg":1},"minecraft:dropped":{"tombstone:grave_key":1,"tombstone:grave_dust":1}},"DataVersion":3465}