{"stats":{"minecraft:killed_by":{"minecraft:spider":1},"minecraft:mined":{"minecraft:oak_log":2,"minecraft:oak_leaves":5},"minecraft:used":{"tombstone:gift":2},"minecraft:custom":{"minecraft:jump":94,"minecraft:time_since_rest":2672,"minecraft:deaths":1,"minecraft:damage_dealt":45,"minecraft:damage_taken":250,"minecraft:leave_game":1,"minecraft:time_since_death":2857,"minecraft:play_time":18178,"minecraft:sprint_one_cm":5405,"minecraft:walk_on_water_one_cm":1141,"minecraft:walk_one_cm":67633,"minecraft:sneak_time":187,"minecraft:total_world_time":18178,"minecraft:drop":1,"minecraft:fall_one_cm":2820,"minecraft:fly_one_cm":2978,"minecraft:crouch_one_cm":134},"minecraft:picked_up":{"minecraft:oak_log":2},"minecraft:dropped":{"tombstone:grave_key":1}},"DataVersion":3465}